{
    "__JSON__": true,
    "AUTHOR": "SamPandey001",
    "Theme": "Peter-Parker",
    "LANGCODE": "en",
    "STRINGS": {  
        "updater": { 
            "UPDATE": "*Your bot is already on latest version Darling*",
            "NEW_UPDATE": "*There is a new update available for the bot!*\n\n*Changes:*\n",
            "UPDATED_LOCAL": "*Successfully Updated!*"
        },      
        "global": { 
            "botName": "𝐏𝐚𝐫𝐤𝐞𝐫", 
            "body": "𝑊ℎ𝑎𝑡𝑠𝑎𝑝𝑝 𝐵𝑜𝑡",
            "greet2" : "Dude",
            "pic1": "https://encrypted-tbn0.gstatic.com/images?q=tbn:ANd9GcRhf9367JxCqZ0Hf79cc3vQVF3A41g8egRXTQ&usqp=CAU",
            "pic2": "https://encrypted-tbn0.gstatic.com/images?q=tbn:ANd9GcSyDczHe4rFH6tsuZI5riu4dmRvycAJQ9eAYQ&usqp=CAU",
            "pic3": "https://encrypted-tbn0.gstatic.com/images?q=tbn:ANd9GcT4tZVNuXQLmeurH0MArErp_Gnw_i5YVZ_H2A&usqp=CAU",
            "pic4": "https://encrypted-tbn0.gstatic.com/images?q=tbn:ANd9GcTPmCA5jLktdc-Djr6IovgCwn-iIcPMZBbbUw&usqp=CAU",
            "pic5": "https://encrypted-tbn0.gstatic.com/images?q=tbn:ANd9GcTeSfyoQaA--E-YKL62Jh08moUnkjGTtUuqiw&usqp=CAU",
            "pic6": "https://encrypted-tbn0.gstatic.com/images?q=tbn:ANd9GcSW6lzA6SIvgcEPDG3KX8DwuFrcYYQjJudYBw&usqp=CAU",
            "pic7": "https://encrypted-tbn0.gstatic.com/images?q=tbn:ANd9GcQ_rxSeh7S6OlDLO5G1ABXBYESaYvPqHe-1lg&usqp=CAU",
             "greet" : "Bro", 
           "dotbody" : "Hii Bro, I'm right here.",
            "promote": "Admin Role Privileged",
            "pmallow": "*Hii,This is Peter Parker*\n*An assistant of My Master.*\nMy Master is busy right now.\nKindly Leave your Message.\n\n_I will inform him about your message asap......_",
            "pmblock": "❌ Blocked*\n\n You have been blocked for spamming.\n\n _ 𝐏𝐨𝐰𝐞𝐫𝐞𝐝 𝐛𝐲 𝐏𝐚𝐫𝐤𝐞𝐫_",
            "pmwarn": "✋Hii* \nPlease don't spam else I'll block you for spamming. _You have ${checkPermit.times} warning(s)._\n\n * 𝐏𝐨𝐰𝐞𝐫𝐞𝐝 𝐛𝐲 𝐏𝐚𝐫𝐤𝐞𝐫*",
            "permited": "Hii ${tname}*\n\nNow You are permitted by my owner to pm now.\n\n *𝐏𝐨𝐰𝐞𝐫𝐞𝐝 𝐛𝐲 𝐏𝐚𝐫𝐤𝐞𝐫*", 
            "revoked" : "*Hii ${tname}*\n\nYour pm permit permission has been prevoked now.\n\n _ 𝐏𝐨𝐰𝐞𝐫𝐞𝐝 𝐛𝐲 𝐏𝐚𝐫𝐤𝐞𝐫_",
            "demote": "Uhh,Admin Role Taken back",
            "antlink": "Link Detected.\n*Good Bye Bro*",
            "session": "\n*This is your session.sam.json,keep it safe and store it properly*\n_Now Upload This json file in Your Forked Repo_\n Connect your repo to Heroku and *Deploy Branch* and Bot will run for Always\n\n*𝑷𝒐𝒘𝒆𝒓𝒆𝒅 𝒃𝒚 𝒁𝒆𝒓𝒐 𝑻𝒘𝒐*",
            "mention": " Please atleast mention any user bro.",
            "title": "𝐏𝐞𝐭𝐞𝐫 𝐏𝐚𝐫𝐤𝐞𝐫",
            "footer": "𝐏𝐞𝐭𝐞𝐫 𝐏𝐚𝐫𝐤𝐞𝐫",
            "by": "Made by: *CitelVoid*",
            "chat_desc": "Options Avilable* : 1. mute\n2. unmute\n3. archive\n4. unarchive\n5. read\n6. unread\n7. delete",
            "success": "Done ✓",
            "dot": "Hii Bro, Just a Sec.\nWait,did you mean *-help?*",
            "couple_male": "*I dont want to die alone,I want a female yaar*",
            "couple_female": "*I dont want to die alone,I want a male yaar*",
            "admin": "𝑇ℎ𝑖𝑠 𝑐𝑜𝑚𝑚𝑎𝑛𝑑 𝑖𝑠 𝑜𝑛𝑙𝑦 𝑓𝑜𝑟 𝑔𝑟𝑜𝑢𝑝 𝐴𝑑𝑚𝑖𝑛⚠️!",
            "botAdmin": "𝑃𝑙𝑒𝑎𝑠𝑒 𝑃𝑟𝑜𝑣𝑖𝑑𝑒 𝑚𝑒 𝐴𝑑𝑚𝑖𝑛 𝑅𝑜𝑙𝑒 𝑆𝑖𝑟.❗",
            "owner": "𝐓𝐡𝐢𝐬 𝐂𝐨𝐦𝐦𝐚𝐧𝐝 𝐢𝐬 𝐨𝐧𝐥𝐲 𝐟𝐨𝐫 𝐌𝐲 𝐎𝐰𝐧𝐞𝐫 ⚠️",
            "group": "𝑻𝒉𝒊𝒔 𝑭𝒆𝒂𝒕𝒖𝒓𝒆 𝒊𝒔 𝑶𝒏𝒍𝒚 𝑭𝒐𝒓 𝑮𝒓𝒐𝒖𝒑𝒔❗",
            "private": "𝑻𝒉𝒊𝒔 𝒇𝒆𝒂𝒕𝒖𝒓𝒆 𝒊𝒏 𝒐𝒏𝒍𝒚 𝒇𝒐𝒓 𝒕𝒉𝒆 𝐌𝐲 𝐎𝐰𝐧𝐞𝐫 ⚠️",
            "bot": "𝑻𝒉𝒊𝒔 𝒇𝒆𝒂𝒕𝒖𝒓𝒆 𝒊𝒏 𝒐𝒏𝒍𝒚 𝒇𝒐𝒓 𝒕𝒉𝒆 𝒃𝒐𝒕 𝒏𝒖𝒎𝒃𝒆𝒓⚠️",
            "wait": "𝑷𝒓𝒐𝒄𝒆𝒔𝒔𝒊𝒏𝒈 𝒚𝒐𝒖𝒓 𝒓𝒆𝒒𝒖𝒆𝒔𝒕✅"
        },
        "error": {
            "text": "*Uhh,Got an Error*"
        }
    }
  }
  
